df4083dc5f0cee15.npy,Ecoli
069608fcc8dafade.npy,Ecoli
e3d94badf628dc39.npy,Ecoli
c051906d9394967c.npy,Ecoli
b316de8ba7573d48.npy,Ecoli
5dad832b8680fe8c.npy,Ecoli
d472a53dc0f352b2.npy,Ecoli
f394a21ee85d021c.npy,Ecoli
b7817066554566e5.npy,Ecoli
6fbef96e3223b057.npy,Ecoli
d62d9870d5f1ed92.npy,Ecoli
ab055bd861652870.npy,Ecoli
507370be4447b344.npy,Ecoli
11544ea98b275545.npy,Ecoli
bc7b170d8fffdf82.npy,Ecoli
a45f5609f61c4549.npy,Ecoli
1e249f2f16ae2344.npy,Ecoli
669d2c587382bb30.npy,Ecoli
c51f29dabec22e3b.npy,Ecoli
650f0f685cc4c5ab.npy,Ecoli
d2d8960923ed9e59.npy,Ecoli
5f16eea236a16f94.npy,Ecoli
37098eac5d3d31d5.npy,Ecoli
710a5be9c4780de2.npy,Ecoli
00fc4e77579ea945.npy,Ecoli
d77a4742f9b710ad.npy,Ecoli
7ef73075ab1a80ba.npy,Ecoli
d07ad78411d40e95.npy,Ecoli
5953f2c23e02fc9a.npy,Ecoli
3055e4973bf9074b.npy,Ecoli
4b71d530c6bc332d.npy,Ecoli
2e6ebebf2a1a04ba.npy,Ecoli
2d5ae0b9e812a57c.npy,Ecoli
c93f0822941c3e10.npy,Ecoli
324530a00fc4644b.npy,Ecoli
02c6bd886b1662f6.npy,Ecoli
ae60a4b9ec2c3449.npy,Ecoli
7c29765d83dbff6d.npy,Ecoli
7073ec78cfcd9ff7.npy,Ecoli
9e322ae9d439dfb1.npy,Ecoli
5609b4a24b4c5428.npy,Ecoli
e7b82ee30e087ac7.npy,Ecoli
32719c7e3105dd34.npy,Ecoli
5bcf15104fe8bf12.npy,Ecoli
ba1b2c1623cec7a1.npy,Ecoli
9d10a82f346dac61.npy,Ecoli
fc8a758043ecbe6e.npy,Ecoli
b397a96163eee588.npy,Ecoli
805d774a8e50d6d0.npy,Ecoli
24e29ee9459ae8d1.npy,Ecoli
90c14d0a24758afe.npy,Ecoli
db4730a05c43d5d8.npy,Ecoli
5c949d96636dc1ea.npy,Ecoli
58e52897bd49deda.npy,Ecoli
b636e3f5b236f6cf.npy,Ecoli
29dbf65aeacc6af1.npy,Ecoli
98ab78623e99af1b.npy,Ecoli
28c5593cb3d94fa1.npy,Ecoli
7da90af482b09f54.npy,Ecoli
720e70d2dd64038d.npy,Ecoli
b359a76ed920e90e.npy,Ecoli
ab6463916e41b81d.npy,Ecoli
adc410ac602aee56.npy,Ecoli
b34eadbc47e3bfab.npy,Ecoli
d8a341fc7d1e757b.npy,Ecoli
d5b0f9c4cf656f4a.npy,Ecoli
8d61e23864ce638f.npy,Ecoli
c4c2a08fad8b76f6.npy,Ecoli
215dd98d8b0bbb01.npy,Ecoli
d146d443997f6039.npy,Ecoli
739b4d55508dd282.npy,Ecoli
f61c09b173632168.npy,Ecoli
ccab4d4611e3cc63.npy,Ecoli
85f0ee734b87aebc.npy,Ecoli
e204838669a1812a.npy,Ecoli
5df159898c6b39ba.npy,Efae
14ee834e26be4436.npy,Efae
3da32f372560465d.npy,Efae
6be64893a34be895.npy,Efae
5318a01d155998dd.npy,Efae
772d5902d0aafd5e.npy,Efae
10537f82437c1409.npy,Efae
50a30e1230e9fa47.npy,Efae
a3c7709c214130d1.npy,Efae
7a921662ae53e0d4.npy,Efae
a800c6fa9050335c.npy,Efae
d0efd8f9166987b9.npy,Efae
0c73771015dc669c.npy,Efae
7dcc0c78b0def4f4.npy,Efae
6e870e5d35c73c1c.npy,Efae
ecb52be65f763887.npy,Efae
2f9fe3ddc4925de9.npy,Efae
7981eb25a7176c79.npy,Efae
aa895d2952ab32c1.npy,Efae
249545aca9328737.npy,Efae
8c864da7ea5c8b26.npy,Efae
ede02b76515ba335.npy,Efae
7f98b6c3fe2617ff.npy,Efae
85133c7f3c044661.npy,Efae
3c2a0edf6aa6a793.npy,Efae
b41dc85d1470bd40.npy,Efae
613d7f3fa26f909b.npy,Efae
013cd955fc3fdd3f.npy,Efae
2116b3dc1bb12efc.npy,Efae
04d68d020ff9257d.npy,Efae
d3245d283dd44ce9.npy,Efae
78e614197cffa28f.npy,Efae
5d0a177789ada885.npy,Efae
377dcf8a0c44c2ef.npy,Efae
59d9d61d7fbad9c6.npy,Efae
538d20c4b85a55a0.npy,Efae
1bd3c7729f680cfb.npy,Efae
73af868d60c3c994.npy,Efae
c72768ddd6d9c5b4.npy,Efae
dc48d6007f0d8bd3.npy,Efae
5f6ab9441208cc6c.npy,Efae
0d6ca3b8dd8677ca.npy,Efae
4bc5ba580b711fb3.npy,Efae
8568596d596868c9.npy,Efae
d52cee2a72ea738e.npy,Efae
d3c89892b498e106.npy,Efae
0fc119f521ad890d.npy,Efae
54fe683db7176c5d.npy,Efae
b280e18bdc9f2250.npy,Efae
52cdd282fdcf1f20.npy,Efae
2051deefa0ca5c56.npy,Efae
402b733f25ffa982.npy,Efae
3dcc8161cf9459aa.npy,Efae
7981da5d1463b4c7.npy,Efae
fad4b14b339d0aad.npy,Efae
0cc6bb4bb5233f3c.npy,Efae
108d3f4df21f07d6.npy,Efae
117ec520d345766e.npy,Efae
3a1c2715717ae554.npy,Efae
9bfe9ab4e6004ab9.npy,Efae
4bc7c5b60266df1f.npy,Efae
8eecd829bcf8bfca.npy,Efae
a23366ac640acdc3.npy,Efae
d154163e68656c22.npy,Efae
bad1f12e3ce5eaaa.npy,Efae
7c474db5557362ac.npy,Efae
5863d0d18f5d5f42.npy,Efae
e7dc3491adc11dc6.npy,Efae
e0daa1647e99d061.npy,Efae
05dbc6f77f32057e.npy,Efae
3b0ea943d8aacf54.npy,Efae
855f6284cc41fb10.npy,Efae
6ad6e9d872ea7529.npy,Efae
bf60064a4e12e718.npy,Efae
4638a7b65243d871.npy,Efae
d9fbd42a1d419bc4.npy,Efae
8a21ba32119a9bad.npy,Efae
8c5dbf5ceb1fc123.npy,Efae
d8b246d868bcafdb.npy,Efae
d93f2888a3c1d22f.npy,Efae
f2e79f25087fc5b1.npy,Efae
bf1126b7eddf3468.npy,Efae
c582569848b2d2ec.npy,Efae
f7a227b973b2f358.npy,Efae
eeb7b4f0aedd66be.npy,Efae
e230189aaf02dccf.npy,Efae
e05891950825a921.npy,Efae
71aef0df5d9958a4.npy,Efae
6893ec025eeed8d9.npy,Efae
d81fb8c7bc52720b.npy,Efae
5e9f1d6afd60c056.npy,Efae
214686b5cd6e4f47.npy,Efae
f8f5d2cf1330a2a6.npy,Efae
f1f1f75354ca3ddb.npy,Efae
7b0c4a4dbd55bf5c.npy,Kaer
cf7e6c849ae1f3ef.npy,Kaer
cb55871577681c9c.npy,Kaer
3a29a6226f622745.npy,Kaer
8ff2759fad190d10.npy,Kaer
5f62494cea8751e2.npy,Kaer
14479439191eb0eb.npy,Kaer
5555e5fab7a9ab5d.npy,Kaer
029565649135f6eb.npy,Kaer
f9c61a4e5fe46405.npy,Kaer
4532cb6b248fa3cd.npy,Kaer
1e3bb3902d4ad3a7.npy,Kaer
894309eb99aaaf9b.npy,Kaer
2a79b3ed1c06cc83.npy,Kaer
27b6b34cb322d60d.npy,Kaer
a73f9b4f765a9c0b.npy,Kpne
2a8db8727e5a8f3b.npy,Kpne
4707281526159134.npy,Kpne
401203db138be69f.npy,Kpne
06ba0a04de86a0fd.npy,Kpne
b51598d4e300f34c.npy,Kpne
9180fc029d631b21.npy,Kpne
0f5341a3bb000452.npy,Kpne
f0426ecbcc0491f7.npy,Kpne
a0c3378ce782f9f5.npy,Kpne
be6a45dcdb45bc76.npy,Kpne
25640db8050f4adc.npy,Kpne
c9ad78d4d1977e89.npy,Kpne
cba2a9725fd6bcea.npy,Kpne
4e6a08fe1207cc69.npy,Kpne
78adc30485194152.npy,Kpne
e09fb75bcbbc1355.npy,Kpne
8575b72bb4a047a5.npy,Kpne
787cd6496eca577c.npy,Kpne
eeb09af1dcdd00f7.npy,Kpne
4aeefa03a69a36e3.npy,Kpne
c202a6dc3b259606.npy,Kpne
3bf26ca08aa05e33.npy,Kpne
a48659d63a897088.npy,Kpne
a4b96ae492b5543b.npy,Kpne
f22b943ebb217a14.npy,Kpne
358238723eb81f2f.npy,Kpne
349d9de49112bc1e.npy,Kpne
c8c58fb64719d853.npy,Kpne
832f3876e11d73c7.npy,Kpne
ba58a4c71227ce15.npy,Kpne
e2658dc5d35033a9.npy,Kpne
19aa9d008d6f9600.npy,Kpne
6f3e3ba63b174d02.npy,Kpne
d37cebbcb1c5fb0d.npy,Paer
adcf79b2b44ddf04.npy,Paer
d58f7dacc00c73b7.npy,Paer
ec2b3f0b3c498368.npy,Paer
ede23bb9adfdac54.npy,Paer
608af266c5ec8bd9.npy,Paer
54c822560441b58d.npy,Paer
26152be619d0aed9.npy,Paer
6063dfb81efe168e.npy,Paer
b831005d6b903053.npy,Paer
341f6d17bc9dec17.npy,Paer
e39c28bacd752ebf.npy,Paer
94d3e59b0b5bc643.npy,Paer
c82f3b6a17879b5e.npy,Paer
f27fc6608af6c7f2.npy,Paer
411181e5383dde1f.npy,Paer
67911a7806aeb106.npy,Paer
a53e883abc9e18e8.npy,Paer
ac8f6d4fe6aaed98.npy,Saur
27a4c1231149b46c.npy,Saur
17688460effb89ac.npy,Saur
9e784c18576c877a.npy,Saur
1d50db9eba965e31.npy,Saur
4e211a22181dc29c.npy,Saur
99e1b4634584a898.npy,Saur
8b8f6c5a0733288c.npy,Saur
8cf25f072f9784df.npy,Saur
d3e463a26dbc0fbd.npy,Saur
43f37245a949e794.npy,Saur
4ecedec878685d9f.npy,Saur
b58ef79f5f8db054.npy,Saur
f55201724acd5cad.npy,Saur
c0a23c2bc38feb9a.npy,Saur
87cc632a675e0144.npy,Saur
62918dd3ac633875.npy,Saur
5e92d63e7e9ca755.npy,Saur
c8597866e1740883.npy,Saur
5f067d1d9096603f.npy,Saur
26e3f3cde3d06e4b.npy,Saur
e0073fdc54dd1828.npy,Saur
d63316ce2365ccf2.npy,Saur
3dcbe696c515a089.npy,Saur
a4219680043b3abf.npy,Saur
83575f6746b85ca8.npy,Saur
292142154c3e3864.npy,Saur
fc533f429aeceb8c.npy,Saur
bb3d51bff2b2b10a.npy,Saur
75de63920873a559.npy,Saur
41e13911ffe53914.npy,Saur
943efed4516b06e3.npy,Saur
f0c486910abfb4cc.npy,Saur
81ec2e8849fe2a59.npy,Saur
100d2b15510cab05.npy,Saur
3f6d5395c5f88b3d.npy,Saur
cb4ba1fc47a91c4f.npy,Saur
08796f4333064936.npy,Saur
6ed3ca75c2f9be99.npy,Saur
d1fb705fe1c26b34.npy,Saur
0f9cc0195b2e8e83.npy,Saur
60170903e4bff4c3.npy,Saur
c71f17be800652ac.npy,Saur
d3c336d70a3e07df.npy,Saur
741cf7f6661b760f.npy,Saur
55b9e01dfdc6d15d.npy,Saur
f7c789c8063fd694.npy,Saur
856a2d79583b29fe.npy,Saur
93c335b62e3870d9.npy,Saur
06d5136074382da4.npy,Saur
43bff66650bba749.npy,Saur
ebc4b80d51698bee.npy,Saur
6d7b9a0fe2fa7a9c.npy,Saur
8b7ede0daf86956d.npy,Saur
964eac4ed209fb4c.npy,Saur
e8b1d90baa47ab54.npy,Saur
913d277d64fcd169.npy,Saur
bce8ef3e8c93be9d.npy,Saur
c25eeac81e55ec87.npy,Saur
ee468213fc017f93.npy,Saur
bc7bc881146fc5bb.npy,Saur
158982bcb4c60952.npy,Saur
4e887134be95d77e.npy,Saur
3a9ffdd9e45cffc2.npy,Saur
4b74974cf7beed58.npy,Saur
8dd84da7aad17522.npy,Saur
5501be652dcc5962.npy,Saur
51189f38ee3dc17b.npy,Saur
0c251a6550f4257f.npy,Saur
abc0a49aac5d4e3f.npy,Saur
e3fa11da2407d52f.npy,Saur
965389535ab546d1.npy,Saur
55b584b52dde2666.npy,Saur
fb4b8d0011722678.npy,Saur
e1fc8f5749cf43f5.npy,Saur
4ae9ffde12a7020f.npy,Saur
3bdc332f5b378fa1.npy,Saur
82fd62ff0bc498fc.npy,Saur
f016c3cc53d16e3b.npy,Saur
52b27b2ec9577869.npy,Saur
c8ce9901c3f8cc46.npy,Saur
e81f177a23bef43b.npy,Saur
498fa378f8d4465c.npy,Saur
483ce932a582cdd1.npy,Saur
98e907fe16a63539.npy,Saur
74a885f5e39a9c95.npy,Saur
1de2aaa9492e4c2b.npy,Saur
26650bb9569dc312.npy,Saur
dac6958c60ce2bf8.npy,Saur
f23ba26405487e1f.npy,Saur
b29615521d2531d9.npy,Saur
9ceff8e8acb99808.npy,Saur
f1fd8c223ecd73af.npy,Saur
a4b419a151ae4fc6.npy,Saur
6ada3e0c44bf5acc.npy,Saur
57999fd750ea7d34.npy,Saur
0a8b251baa1b73d2.npy,Saur
0fd0f51cf874654e.npy,Saur
ac7d084b9564ad86.npy,Saur
35819c2e1400afc9.npy,Saur
876627dd7e282a7b.npy,Saur
31d9dcf5caaa56c4.npy,Saur
826846140b0fd660.npy,Sepi
62c089c04e398cd3.npy,Sepi
c44dd7332233920f.npy,Sepi
297dd887b9fc425e.npy,Sepi
4a38976a325e7ae3.npy,Sepi
c95af500afeff76d.npy,Sepi
116923ba87359c4f.npy,Sepi
2aa0e0ec49be7c35.npy,Sepi
186322844d1a1cce.npy,Sepi
41a52f91a5620f5a.npy,Sepi
2cc21a2036d47777.npy,Sepi
c63a4d0c457170c6.npy,Sepi
73695b1d784fbc67.npy,Sepi
ba900d17448ee3c5.npy,Sepi
877e369934b7d9ac.npy,Sepi
4a4d5bea3b4cf29e.npy,Sepi
8cfdeecd89dbe8b8.npy,Sepi
c40abd26ef6a70a4.npy,Sepi
eda3bd09d2410c0c.npy,Sepi
5bf0eb47d6ead202.npy,Sepi
43aefe40698d019a.npy,Sepi
b74d5770ea740b7b.npy,Sepi
6987d12aace62c60.npy,Sepi
78bc5ff740b4ddb1.npy,Sepi
50354820be8a1fc8.npy,Sepi
3125b5dff1371e72.npy,Sepi
1da08b69c16102f2.npy,Sepi
ff9d51938803486d.npy,Sepi
d655d32842451f25.npy,Sepi
027a4f4a4023d5c8.npy,Sepi
bacf8fda4c9f920d.npy,Sepi
7a990cc789bbff45.npy,Sepi
f916620de701282c.npy,Sepi
a79f8ae525037e60.npy,Sepi
4c63c2c1d5744801.npy,Sepi
7c80d954caf5cd5d.npy,Sepi
5ed0122a30bc0e9e.npy,Sepi
eca732de3245d10c.npy,Sepi
09eaa385d6971d2c.npy,Sepi
1dce12c9122f737a.npy,Sepi
da9bb068f28d0b8b.npy,Sepi
373c60d5224bc90b.npy,Sepi
f6b0767c5803c6ad.npy,Sepi
57b290517a87f57f.npy,Sepi
466646e05a43e9c4.npy,Sepi
27f3d190136c2721.npy,Sepi
529965fabe73b0ad.npy,Sepi
d4a77e2ebb670a05.npy,Sepi
ced8720bd10f8bb9.npy,Sepi
4ebab48b49bfe462.npy,Sepi
69f9003e7c4e5cee.npy,Sepi
60228020fc0220d9.npy,Sepi
b6479cc50d1a7f2a.npy,Sepi
137c82ef47654447.npy,Sepi
8bbead1f3f72ccf9.npy,Sepi
c78ceb22a2b3c7ae.npy,Sepi
3362f90346ff044d.npy,Sepi
f1ef76cc2dfacb62.npy,Sepi
f23cf9220fcadf56.npy,Sepi
5a18c39fa719b46f.npy,Sepi
51be19a776b5926f.npy,Sepi
9727a7c9eb31d020.npy,Sepi
0830c986b662bab0.npy,Sepi
6587f25dbb3b4ad2.npy,Sepi
7386f5b5709eb6f5.npy,Sepi
52f458f57915e447.npy,Sepi
af2a3c33c5887fcd.npy,Sepi
35899a1eaf84047d.npy,Sepi
2c1db7d12f37ec1d.npy,Sepi
bd8b4f3928e7a73c.npy,Sepi
84781c7c70527f0b.npy,Sepi
7d09cb90fed31b67.npy,Sepi
3b55e8078b298f47.npy,Sepi
33208fc5affce915.npy,Sepi
503e143b2b72245f.npy,Sepi
301985f810f52c68.npy,Sepi
922c537fe9143d2d.npy,Sepi
221dcbecb6e142d2.npy,Sepi
fe78f0bf1664dbf7.npy,Sepi
05ca9d71e07f3c19.npy,Sepi
59f8910d873b5586.npy,Sepi
ba96b6479a930f73.npy,Sepi
059c3fcb75bf300a.npy,Sepi
50004841811d4c3e.npy,Sepi
a17d8ce44bbb6485.npy,Sepi
a1fe4320741a166c.npy,Sepi
47c36633d023e411.npy,Sepi
fda71768f56ab610.npy,Sepi
e2558bcd2b754116.npy,Sepi
05794d0a4a32c89a.npy,Sepi
b49cf50395baa453.npy,Sepi
3dbd1233a6727d3d.npy,Sepi
ad9a9b7e697f62d1.npy,Sepi
0fddffa016a14ded.npy,Sepi
22a2b9a5588b1d1d.npy,Sepi
1a9eae009b1ff9a5.npy,Sepi
63e560d46bef017c.npy,Sepi
733c174be464882f.npy,Sepi
2428aee45ef7d956.npy,Sepi
e7058b9338194599.npy,Sepi
eac9303c20cdd0bb.npy,Sepi
6c35b212f51ae34d.npy,Sepi
c9146ca310926580.npy,Sepi
49b59709e5b80779.npy,Sepi
e281e3c99e960df8.npy,Sepi
fa8b28c951258b94.npy,Sepi
f1dd461e01b84e08.npy,Sepi
1597dde64edb73a8.npy,Sepi
8566a252497665ad.npy,Sepi
77bfe8ff83b87924.npy,Sepi
05c4df684ff5c9f5.npy,Sepi
b240d065c792b920.npy,Sepi
84df4539906f702f.npy,Sepi
cf1826114bac6d9c.npy,Sepi
d887814f2d1b037d.npy,Sepi
6f347aa27a598498.npy,Sepi
4290c52e47e20de8.npy,Sepi
99e34b137d8273a7.npy,Sepi
17319b98865b79a6.npy,Sepi
0ad57b02b5a0539b.npy,Sepi
de4516f0f836f42f.npy,Sepi
645a8fa28cfbb9b0.npy,Sepi
6769726f70ad0a30.npy,Sepi
95a90c60af302cfc.npy,Sepi
d6366588529e08d0.npy,Sepi
a61188cc5974a59e.npy,Sepi
0124313ee8433200.npy,Sepi
eb886dfdab9526e4.npy,Sepi
e88b35e1643d35b8.npy,Sepi
7391bc34ed9ccccf.npy,Sepi
7280a77912a22ca1.npy,Sepi
a9c465b6bb0b4db7.npy,Sepi
7f69c6e2710fb07a.npy,Sepi
b7e16e362d2b3ea4.npy,Sepi
d48db9c4caa199e1.npy,Sepi
b25df38b5e36a233.npy,Sepi
3e59d6c9551d6f65.npy,Sepi
d9bb718489ce047d.npy,Sepi
583123393bafb97b.npy,Sepi
887526b831f92945.npy,Sepi
ebbecab599428003.npy,Sepi
7f25180122552012.npy,Sepi
3d766ad19de588b9.npy,Sepi
7b8255c92b4bce41.npy,Sepi
edd89d71d0d9ebae.npy,Sepi
2600461b941dc378.npy,Sepi
09e31ac41e8780d9.npy,Sepi
779c62aaab8ddd68.npy,Sepi
961c0c7580928025.npy,Sepi
e430b1d74869fbf9.npy,Sepi
ec3ef2774e4f2993.npy,Sepi
9819cb1bca95187f.npy,Sepi
e7e507ac1961db87.npy,Sepi
5a474bc9ab2948e8.npy,Sepi
638bbe1a5d3133aa.npy,Sepi
f585621835ad8805.npy,Sepi
8561d5e0e57c2919.npy,Sepi
b8d8e43a580b56f1.npy,Sepi
fc24cbeb61f3d6ce.npy,Sepi
5f7632ab76bfad31.npy,Sepi
5e5c4bf3fb6313fb.npy,Sepi
3384848cb4b7997a.npy,Sepi
f98c98ef6a38b89b.npy,Sepi
beddb50700b7ef67.npy,Sepi
5b90a45906de6031.npy,Sepi
28c584f56e8fd722.npy,Sepi
dc0374d45bb95e2f.npy,Sepi
aae33819476e6b7b.npy,Sepi
2c84c5ad7a313211.npy,Sepi
ed099944f1923a1c.npy,Sepi
3c76dfa01fcee6c8.npy,Sepi
633e3938038dc4fe.npy,Sepi
6ae76887fa9b0eb6.npy,Sepi
35576290f4352405.npy,Sepi
8d9849fb1311d886.npy,Sepi
45c0d2c67eabe2a9.npy,Sepi
7712836c61d0a72a.npy,Sepi
18a225eda1c96e37.npy,Sepi
30ebaa8ab163ba79.npy,Sepi
16d4fa439e230dcd.npy,Sepi
9454813642274ece.npy,Sepi
fdf331c9651d9c18.npy,Sepi
82a60ca25ef2e7ca.npy,Sepi
0aebc0e7bb7a8c80.npy,Sepi
2995802e04044425.npy,Sepi
e8a51e44247eca88.npy,Sepi
e01cd57a7c0c7822.npy,Sepi
5199c5864d91636f.npy,Sepi
58e18ab847cf05f0.npy,Sepi
3a483e8cd8a0a3ed.npy,Sepi
913f8b67912e0259.npy,Sepi
1073419440218761.npy,Sepi
b0c615fc1ac52923.npy,Sepi
12b15c67910b62de.npy,Sepi
d29de44521fcc66a.npy,Sepi
c7cd86711e337898.npy,Sepi
bdd1aece39bce0f3.npy,Sepi
d97fe2f3c83c002b.npy,Sepi
e92e17da81342dca.npy,Sepi
5b29dfad0faa1040.npy,Sepi
2cdced972b21886e.npy,Sepi
ecf531e6544cb669.npy,Sepi
aa15244867200602.npy,Sepi
1e978d672cead7de.npy,Sepi
96a27ccced8117a4.npy,Sepi
d6e4e814326aa702.npy,Sepi
f92a192f4ee79113.npy,Sepi
cb83a7c3ba4e197d.npy,Sepi
ca694b23b9628a46.npy,Sepi
ca3ffc120fec74d7.npy,Sepi
065e5958e3ab3dbd.npy,Sepi
7e03643584a87f5b.npy,Sepi
fd3219fcd8195cf4.npy,Sepi
a2d144439c05c7c1.npy,Sepi
f9db93436b9f5af8.npy,Sepi
7dd3c3bd961e0fc2.npy,Sepi
660f62a9484be007.npy,Sepi
308fb4063fdd5d5a.npy,Sepi
063e63d5bf04f925.npy,Sepi
74c84bb254b2d718.npy,Sepi
09ff52f0cec6ec3e.npy,Sepi
433447e7045f79bb.npy,Sepi
8ad18854cd743272.npy,Sepi
b8d2f778123abc0c.npy,Sepi
64338d71847ba577.npy,Sepi
e15d82db0e9a7abb.npy,Sepi
a35528e155a6e353.npy,Sepi
36f33c6e2c42e63b.npy,Sepi
9cf649c9ba0b5ed1.npy,Sepi
0185b17d4447d3c1.npy,Sepi
0581f5897fcf4329.npy,Sepi
b55827e6968e4e42.npy,Sepi
85f04dc58606682a.npy,Sepi
5f86e1061791e55b.npy,Sepi
ca880405b6e131a5.npy,Sepi
d6373082b0dec3d3.npy,Sepi
c82c7d03000b1572.npy,Sepi
ecab1c894fd477d0.npy,Sepi
387e6af5c6f09ab7.npy,Sepi
fb321a2740ac091b.npy,Sepi
91e2e69a43f1b606.npy,Sepi
9319ada8175fc2f4.npy,Sepi
c0c20bdbb6bc7af6.npy,Sepi
c58764a39df8b2f5.npy,Sepi
61d18814f473684c.npy,Sepi
58efa42e03e67a6b.npy,Sepi
90ecda4780707409.npy,Sepi
677e013646de4e9b.npy,Sepi
2f92f519e8f1b72a.npy,Sepi
568927e883e894f1.npy,Sepi
365e5deb09320430.npy,Sepi
c41e797f30f86a4f.npy,Sepi
81676a379621ff7c.npy,Sepi
29670b30f627b95c.npy,Sepi
14a5606727924d4e.npy,Sepi
bbbf5e1b56d3651d.npy,Sepi
7a0da5b24cf20dbb.npy,Sepi
2a9605cd3e7e3398.npy,Sepi
9916fc182be9abc2.npy,Sepi
993ea9db2d6b4ce6.npy,Sepi
144da035a4f2984d.npy,Sepi
18c6978a68b25d28.npy,Sepi
9b03cc9cf909b256.npy,Sepi
24e1eb856ea88f9a.npy,Sepi
53141ae93b2122bb.npy,Sepi
8f031b2ecc3f30af.npy,Sepi
7bcae0fa6c20580f.npy,Sepi
df51d2c03fd5f276.npy,Sepi
d9238548ead5b038.npy,Sepi
6f9a717948c6cbd1.npy,Sepi
4902038c6cc506fe.npy,Sepi
1fae9598f5ec2942.npy,Sepi
7a983a6199185cba.npy,Sepi
8e6c0d7c241b3aef.npy,Sepi
2fb28fd887f5dc9c.npy,Sepi
85d68f209120decd.npy,Sepi
cb8274b0346cf51e.npy,Sepi
9d105c00ab6f3b02.npy,Sepi
889849389c8e1196.npy,Sepi
847d093c2be17e6d.npy,Sepi
6cd86a84308b3a73.npy,Sepi
a20d8d109c81b4e4.npy,Sepi
1b3e4d83df57838b.npy,Sepi
6aec7c4bca0b3df3.npy,Sepi
e05b76d7f8a12109.npy,Sepi
e733cd0be04f09d6.npy,Sepi
f9f4bb951d5d12a6.npy,Sepi
bca350c31f1fac33.npy,Sepi
7f87f3a2cddca51b.npy,Sepi
4d7f5a6dca2ca476.npy,Sepi
d5862470f91c251f.npy,Sepi
688235c09b1cfdfe.npy,Sepi
6ec280c5b07e75ee.npy,Sepi
3c6d314be64f8aaf.npy,Sepi
57cbb214339c79e8.npy,Sepi
9d5fad9a10dd06e2.npy,Sepi
2a868a8d173b4d92.npy,Sepi
a2793837a1bb6ec5.npy,Sepi
dd3d757984538689.npy,Sepi
60e7031407e4ae2e.npy,Sepi
6e34ef34359cc986.npy,Sepi
bb545be19d598873.npy,Sepi
8271ba3216faca3a.npy,Sepi
aa50bf801fb61344.npy,Sepi
3fda2e27e212f517.npy,Sepi
6ace601b72005bff.npy,Sepi
c484df626c5d2905.npy,Sepi
6bbf9a5243912fa9.npy,Sepi
13ebee30ff69ecec.npy,Sepi
06763eb58fb6d435.npy,Sepi
68da2fe486f65dfa.npy,Sepi
837d821139d9920e.npy,Sepi
509997af7885e95b.npy,Sepi
286725313c0d245f.npy,Sepi
f3865b1fb1887e8c.npy,Sepi
6c24746cbf5b1e1e.npy,Spyo
4019b8d331d14822.npy,Spyo
bbcfc402e40e25ab.npy,Spyo
3fe47c6f31b08bde.npy,Spyo
13367bb8acc063f9.npy,Spyo
d0f22fbab3e7d7b3.npy,Spyo
